person_id,desired_shirt_length,shirt_above_hip,bust_circ,waist_circ,hip_circ,arm_circ,neck_circ,shoulder_width,desired_sleeve_length,actual_measure,bolt_width,ease,sew_tolerance,collar_width,collar_length,sleevehead_depth,sleevehead_radius,b5_width,pattern_height,pattern_width,armhole_length,Eff_Option,Efficiency
CY008,65.0,1,86.0,87.0,104.0,32.0,38.0,48.0,18.0,1,150.0,25,6,9.5,25,3.0,12,12,92.5,118.0,20.0,1,0.7866666666666666
RW052,70.5,0,99.0,89.2,106.2,28.7,39.0,40.0,24.0,1,150.0,25,6,9.5,25,3.5,14,14,98.0,137.2,24.799999999999997,1,0.9146666666666666
AG001,51.0,0,83.0,67.0,94.0,28.0,30.0,39.0,26.0,1,150.0,25,6,9.5,25,3.0,12,12,78.5,125.0,21.75,1,0.8333333333333334
MN075,52.0,0,91.0,76.0,96.0,25.0,32.0,39.0,24.0,1,150.0,25,6,9.5,25,3.5,14,14,79.5,127.0,22.25,1,0.8466666666666667
ST067,62.4,0,92.5,79.5,94.5,27.4,39.1,43.0,23.5,1,150.0,25,6,9.5,25,3.0,12,12,89.9,125.5,21.875,1,0.8366666666666667
PQ023,69.0,0,110.0,101.0,104.0,36.0,46.0,56.1,33.0,1,150.0,25,6,9.5,25,3.5,14,14,96.5,141.0,25.75,1,0.94
HJ098,57.0,0,92.0,85.0,101.0,34.0,36.0,45.0,59.0,1,150.0,25,6,9.5,25,3.5,14,14,84.5,132.0,23.5,1,0.88
DF034,56.0,0,106.0,92.0,111.0,31.0,31.0,48.0,56.0,1,150.0,25,6,9.5,25,3.5,14,14,83.5,142.0,26.0,1,0.9466666666666667
